model,em,f1,must_have_ok,must_have_recall,must_not_violation
gemma2:2b,0.42857142857142855,0.2451797737233107,0.3142857142857143,0.5428571428571428,0.02857142857142857
gemma3:4b,0.6571428571428571,0.2734237486255889,0.6,0.738095238095238,0.02857142857142857
llama3.1:8b,0.5142857142857142,0.3324099470673342,0.3142857142857143,0.5404761904761906,0.0
qwen2.5:3b,0.08571428571428572,0.17341306868879258,0.08571428571428572,0.36428571428571427,0.0
