k,n_questions_total,n_valid,n_skipped_no_expected_topics,hit_rate@k,recall@k
3,35,35,0,0.8857142857142857,0.6857142857142857
5,35,35,0,0.9714285714285714,0.7571428571428571
10,35,35,0,0.9714285714285714,0.8142857142857143
